CustomerID,CheckingAccountBalance,DebtsPaid,SavingsAccountBalance,CurrentOpenLoanApplications,LoanPayoffPeriodInMonths,LoanReason,RequestedAmount,InterestRate,Co-Applicant,YearsAtCurrentEmployer,YearsInCurrentResidence,Age,RentOrOwnHome,TypeOfCurrentEmployment,NumberOfDependantsIncludingSelf,WasTheLoanApproved
345,some,paid,none,1,24,auto,2760,4,none,10+,4,36,free,skilled,1,Y
243,some,delayed,some,1,12,goods,1424,4,none,7,3,26,owned,skilled,1,Y
662,debt,delayed,some,2,20,goods,4272,1,none,10+,4,24,owned,skilled,1,Y
102,none,paid,high,1,6,goods,2978,1,none,4,2,32,owned,skilled,1,Y
722,none,delayed,some,2,36,auto,6614,4,none,10+,4,34,owned,self,1,Y
316,none,paid,none,1,30,goods,1867,4,none,10+,4,58,owned,skilled,1,Y
236,none,delayed,none,2,30,goods,6742,2,none,7,3,36,owned,skilled,1,Y
572,debt,paid,some,1,36,auto,3249,2,none,7,4,39,free,self,2,Y
436,none,delayed,medium,2,24,goods,4151,2,none,4,3,35,owned,skilled,1,Y
338,none,delayed,none,2,48,busin,7629,4,none,10+,2,46,owned,self,2,Y
499,debt,paid,some,1,24,auto,2924,3,guarant,4,4,63,owned,skilled,2,Y
570,none,delayed,none,2,24,auto,6842,2,none,4,4,46,owned,self,2,Y
473,debt,paid,some,1,18,goods,2389,4,none,1,1,27,owned,skilled,1,Y
89,some,delayed,v.high,2,11,auto,1322,4,none,4,4,40,owned,skilled,1,Y
183,debt,paid,some,1,48,goods,3051,3,none,4,4,54,owned,skilled,1,N
222,debt,paid,some,1,12,auto,759,4,none,7,2,26,owned,skilled,1,N
289,debt,paid,some,1,12,goods,1657,2,none,4,2,27,owned,skilled,1,Y
165,none,delayed,some,2,30,goods,5771,4,none,7,2,25,owned,skilled,1,Y
268,debt,paid,some,1,24,auto,2303,4,co-app,10+,1,45,owned,skilled,1,N
218,debt,paid,some,1,15,auto,2511,1,none,0,4,23,rent,skilled,1,Y
327,none,delayed,some,2,6,auto,6761,1,none,7,3,45,owned,self,2,Y
283,high,delayed,some,1,6,goods,683,2,none,1,1,29,owned,skilled,1,Y
240,none,delayed,none,2,12,school,3565,2,none,1,1,37,owned,unskill,2,Y
189,high,delayed,some,1,42,auto,4796,4,none,10+,4,56,free,skilled,1,Y
259,none,paid,medium,1,9,goods,2753,3,co-app,10+,4,35,owned,skilled,1,Y
226,none,delayed,some,2,60,goods,15653,2,none,7,4,21,owned,skilled,1,Y
390,none,paid,none,2,28,auto,7824,3,guarant,1,4,40,rent,skilled,2,Y
434,none,delayed,none,1,7,goods,846,3,none,10+,4,36,free,skilled,1,Y
145,debt,paid,medium,1,12,goods,674,4,none,7,1,20,owned,skilled,1,N
617,none,paid,some,1,18,goods,2515,3,none,4,4,43,owned,skilled,1,Y
449,debt,paid,some,1,48,auto,3931,4,none,7,4,46,free,skilled,2,N
721,none,delayed,some,1,12,auto,1503,4,none,4,4,41,rent,skilled,1,Y
743,none,delayed,none,2,6,goods,1221,1,none,4,2,27,owned,skilled,1,Y
109,none,paid,none,1,60,auto,6527,4,none,4,4,34,free,skilled,2,Y
371,some,paid,medium,1,12,busin,1037,3,none,7,4,39,owned,unskill,1,Y
137,none,delayed,none,2,48,auto,2751,4,none,10+,3,38,owned,skilled,2,Y
730,some,paid,some,2,12,auto,1223,1,none,10+,1,46,rent,skilled,1,N
77,none,paid,high,1,21,auto,2782,1,none,7,2,31,owned,self,1,Y
98,some,paid,v.high,1,18,busin,1941,4,none,4,2,35,owned,unskill,1,Y
305,debt,delayed,some,2,42,goods,4370,3,none,7,2,26,owned,skilled,2,N
675,none,paid,some,1,18,repairs,1943,4,none,1,4,23,owned,skilled,1,N
134,some,paid,medium,1,18,busin,2622,4,none,4,4,34,owned,skilled,1,Y
442,none,delayed,some,3,9,auto,2134,4,none,4,4,48,owned,skilled,1,Y
285,none,paid,some,2,18,auto,6458,2,none,10+,4,39,owned,self,2,N
15,some,delayed,some,1,18,auto,884,4,none,10+,4,36,owned,skilled,2,N
563,none,delayed,some,1,12,school,2096,2,none,7,3,49,owned,unskill,2,Y
544,some,delayed,some,2,30,auto,4249,4,none,0,2,28,owned,self,1,N
86,debt,paid,some,1,12,goods,1620,2,co-app,4,3,30,owned,skilled,1,Y
474,debt,paid,some,1,24,goods,3552,3,none,7,4,27,owned,skilled,1,N
658,none,paid,high,1,39,auto,2569,4,none,4,4,24,owned,skilled,1,Y
635,some,paid,some,1,12,goods,625,4,guarant,1,1,26,owned,unskill,1,Y
383,some,paid,some,1,48,other,18424,1,none,4,2,32,owned,self,1,N
460,debt,delayed,some,1,12,auto,1409,4,none,10+,3,54,owned,skilled,1,Y
67,some,delayed,high,1,12,auto,2366,3,none,7,3,36,owned,self,1,Y
356,debt,delayed,some,2,42,repairs,3394,4,co-app,0,4,65,owned,none,1,Y
506,none,paid,high,1,12,auto,1386,2,none,4,2,26,owned,skilled,1,N
511,debt,paid,none,1,36,auto,8335,3,none,10+,4,47,free,skilled,1,N
440,debt,delayed,some,1,16,auto,2625,2,guarant,10+,4,43,rent,skilled,1,N
204,none,delayed,none,2,24,busin,2978,4,none,4,4,32,owned,skilled,2,Y
542,some,paid,v.high,1,12,goods,983,1,none,1,4,19,rent,unskill,1,Y
257,debt,delayed,some,2,6,auto,860,1,none,10+,4,39,owned,skilled,1,Y
650,none,paid,some,1,5,busin,3448,1,none,7,4,74,owned,unskill,1,Y
564,debt,delayed,some,2,10,auto,1038,4,co-app,7,3,49,owned,skilled,1,Y
596,none,delayed,some,2,18,auto,1055,4,none,1,1,30,owned,skilled,1,Y
707,none,delayed,some,2,18,goods,1800,4,none,4,2,24,owned,skilled,1,Y
677,debt,paid,some,1,12,goods,1107,2,none,4,2,20,rent,self,2,Y
528,some,paid,some,1,30,goods,3832,2,none,1,1,22,owned,skilled,1,Y
660,some,paid,some,2,12,goods,1155,3,guarant,10+,3,40,owned,unskill,1,Y
729,none,paid,medium,1,15,school,4623,3,none,4,2,40,owned,self,1,N
242,some,paid,some,1,18,goods,1113,4,guarant,4,4,26,owned,unskill,2,Y
433,none,paid,some,2,9,goods,1980,2,co-app,1,2,19,rent,skilled,1,N
446,debt,delayed,some,2,12,auto,2171,4,none,4,4,38,owned,unskill,1,Y
354,debt,paid,none,1,24,auto,1371,4,none,4,4,25,rent,skilled,1,N
293,some,paid,medium,1,15,repairs,2631,3,none,4,2,25,owned,unskill,1,Y
537,none,paid,none,1,36,school,9055,2,none,4,4,35,free,unskill,2,Y
591,none,delayed,medium,1,24,goods,2872,3,none,10+,4,36,owned,skilled,2,Y
358,debt,paid,none,1,12,goods,1262,2,none,10+,4,49,owned,unskill,1,Y
60,debt,paid,some,2,12,auto,697,4,none,1,2,46,owned,skilled,1,N
280,some,delayed,some,2,20,other,2629,2,none,4,3,29,owned,skilled,1,Y
176,none,paid,none,1,12,auto,2445,2,none,1,4,26,rent,skilled,1,Y
168,none,delayed,none,2,18,goods,1169,4,none,4,3,29,owned,skilled,1,Y
150,none,paid,none,1,18,goods,1126,4,none,1,2,21,rent,skilled,1,Y
549,debt,paid,high,1,12,goods,1680,3,none,10+,1,35,owned,skilled,1,Y
135,debt,paid,some,1,24,goods,1546,4,guarant,7,4,24,rent,unskill,1,N
279,debt,paid,none,1,24,auto,1381,4,none,4,2,35,owned,skilled,1,N
206,high,delayed,none,2,24,auto,1344,4,none,7,2,37,owned,unskill,2,N
477,some,paid,some,1,18,goods,3001,2,none,7,4,40,rent,skilled,1,Y
556,none,paid,some,2,18,busin,4165,2,none,4,2,36,owned,skilled,2,N
504,none,paid,none,1,30,auto,4811,2,none,7,4,24,rent,unskill,1,Y
609,none,delayed,v.high,2,36,auto,5711,4,none,10+,2,38,owned,self,1,Y
265,debt,paid,some,1,48,busin,7685,2,guarant,7,4,37,rent,skilled,1,N
706,debt,paid,some,1,12,goods,709,4,none,10+,4,57,owned,unskill,1,N
577,debt,paid,medium,1,24,goods,2359,1,none,0,1,33,owned,skilled,1,N
540,debt,paid,v.high,1,21,goods,3357,4,none,1,2,29,owned,skilled,1,Y
215,none,delayed,some,2,18,auto,1028,4,none,4,3,36,owned,skilled,1,Y
319,none,paid,some,1,24,goods,2284,4,none,7,2,28,owned,skilled,1,Y
373,debt,paid,some,1,21,goods,2606,4,none,1,4,28,rent,self,1,Y
341,debt,delayed,none,2,6,goods,1169,4,none,10+,4,67,owned,skilled,1,Y
481,debt,paid,medium,1,24,auto,2325,2,none,7,3,32,owned,skilled,1,Y
670,none,paid,medium,1,10,auto,2848,1,co-app,4,2,32,owned,skilled,2,Y
61,some,delayed,none,3,15,goods,2728,4,guarant,7,2,35,owned,skilled,1,Y
548,high,paid,some,1,12,busin,609,4,none,1,1,26,owned,none,1,N
48,high,paid,some,1,12,auto,1330,4,none,1,1,26,owned,skilled,1,Y
311,none,paid,some,1,36,auto,4686,2,none,4,2,32,free,self,1,Y
232,none,delayed,medium,2,6,goods,1237,1,none,4,1,27,owned,skilled,1,Y
35,debt,paid,some,1,6,school,1198,4,none,10+,4,35,free,skilled,1,N
217,some,paid,none,1,6,goods,368,4,none,10+,4,38,owned,skilled,1,Y
454,debt,paid,some,1,24,goods,1603,4,none,10+,4,55,owned,skilled,1,Y
112,none,delayed,none,1,36,goods,3342,4,none,10+,2,51,owned,skilled,1,Y
720,none,paid,none,1,36,auto,3079,4,none,4,4,36,owned,skilled,1,Y
380,some,paid,some,1,6,goods,484,3,guarant,7,3,28,owned,unskill,1,Y
636,some,paid,none,1,48,auto,8487,1,none,7,2,24,owned,skilled,1,Y
748,debt,delayed,some,2,36,busin,2145,2,none,7,1,24,owned,skilled,1,N
4,none,paid,high,1,9,auto,2507,2,none,10+,4,51,free,unskill,1,Y
508,none,delayed,some,3,12,goods,717,4,none,10+,4,52,owned,skilled,1,Y
425,some,paid,some,1,12,goods,1567,1,none,4,1,22,owned,skilled,1,Y
154,none,paid,some,1,10,auto,1546,3,none,4,2,31,owned,unskill,2,Y
569,none,delayed,high,2,24,busin,2375,4,none,4,2,44,owned,skilled,2,Y
130,none,paid,medium,1,9,goods,2301,2,none,1,4,22,rent,skilled,1,Y
163,debt,paid,some,1,15,busin,806,4,none,4,4,22,owned,unskill,1,Y
719,none,paid,none,1,48,goods,10222,4,none,7,3,37,owned,skilled,1,Y
278,some,delayed,medium,1,45,auto,4576,3,none,0,4,27,owned,skilled,1,1
519,high,paid,some,1,10,goods,1275,4,none,1,2,23,owned,skilled,1,Y
744,debt,paid,some,1,18,goods,1940,3,co-app,1,4,36,free,self,1,Y
567,none,paid,high,1,10,auto,1597,3,none,4,2,40,rent,unskill,2,Y
34,some,delayed,medium,1,48,other,7582,2,none,0,4,31,free,self,1,Y
525,none,delayed,some,2,18,auto,2775,2,none,7,2,31,owned,skilled,1,N
273,debt,paid,some,2,48,goods,7119,3,none,4,4,53,free,skilled,2,N
320,some,paid,some,1,12,goods,1331,2,none,1,1,22,owned,skilled,1,N
94,debt,paid,some,1,24,goods,3345,4,none,10+,2,39,rent,self,1,N
468,some,paid,some,1,9,goods,918,4,none,4,1,30,owned,skilled,1,N
616,none,delayed,high,1,21,busin,2580,4,none,1,2,41,owned,unskill,2,N
645,some,paid,some,2,48,goods,3060,4,none,7,4,28,owned,skilled,1,N
392,some,paid,some,1,9,goods,1670,4,none,1,2,22,owned,skilled,1,N
258,some,delayed,some,2,21,busin,3652,2,none,7,3,27,owned,skilled,1,Y
53,none,paid,some,1,12,school,719,4,none,10+,4,41,owned,unskill,2,N
245,debt,delayed,some,4,12,goods,385,4,none,7,3,58,owned,unskill,1,Y
133,some,delayed,some,1,24,goods,6403,1,none,1,2,33,owned,skilled,1,Y
718,none,paid,some,1,24,goods,1533,4,none,1,3,38,owned,skilled,1,Y
534,some,paid,none,1,36,auto,12389,1,none,4,4,37,free,skilled,1,N
318,some,delayed,none,2,24,busin,4712,4,none,4,2,37,owned,self,1,Y
166,some,paid,medium,2,21,busin,2767,4,none,10+,2,61,rent,unskill,1,N
594,none,paid,none,2,18,auto,6761,2,none,4,4,68,rent,skilled,1,N
211,some,paid,high,1,9,goods,790,4,none,4,3,66,owned,unskill,1,Y
199,debt,paid,some,1,24,auto,2910,2,none,7,1,34,free,self,1,Y
648,some,paid,some,1,24,goods,2039,1,none,1,1,22,owned,skilled,1,N
87,some,paid,v.high,2,48,goods,10961,1,co-app,7,2,27,owned,skilled,1,N
592,none,paid,none,1,12,auto,3527,2,none,1,3,45,owned,self,2,Y
76,debt,paid,some,1,18,auto,976,1,none,1,2,23,owned,unskill,1,N
397,none,paid,medium,1,15,auto,3812,1,none,1,4,23,owned,skilled,1,Y
583,some,delayed,none,2,20,auto,7057,3,none,7,4,36,rent,self,2,Y
351,high,paid,none,1,12,goods,1424,3,none,10+,4,55,owned,self,1,Y
530,debt,delayed,some,2,8,auto,3398,1,none,7,4,39,owned,unskill,1,Y
574,high,delayed,medium,2,6,auto,1323,2,none,10+,4,28,owned,skilled,2,Y
509,none,paid,some,1,24,auto,2670,4,none,10+,4,35,owned,self,1,Y
661,none,delayed,some,2,36,auto,3535,4,none,7,4,37,owned,skilled,1,Y
409,none,delayed,some,1,30,goods,5954,3,co-app,7,2,38,owned,skilled,1,Y
2,none,delayed,none,2,9,goods,3074,1,none,4,2,33,owned,skilled,2,Y
668,some,paid,some,2,12,goods,1092,4,guarant,4,4,49,owned,skilled,1,Y
365,some,paid,high,2,48,auto,8358,1,none,1,1,30,owned,skilled,1,Y
38,none,delayed,none,2,24,auto,2197,4,none,7,4,43,owned,skilled,2,Y
84,some,delayed,some,2,24,busin,1935,4,none,10+,4,31,owned,skilled,1,N
309,debt,delayed,some,1,24,goods,1024,4,none,1,4,48,owned,skilled,1,N
686,debt,delayed,some,2,12,auto,4843,3,co-app,10+,4,43,rent,skilled,1,N
505,some,paid,some,1,12,goods,1534,1,none,1,1,23,rent,skilled,1,N
190,none,paid,some,1,24,auto,2679,4,none,1,1,29,owned,self,1,Y
418,debt,delayed,some,2,12,auto,1526,4,none,10+,4,66,free,self,1,Y
379,debt,paid,some,1,12,goods,2214,4,none,4,3,24,owned,unskill,1,Y
342,some,paid,some,1,7,goods,2329,1,guarant,1,1,45,owned,skilled,1,Y
489,none,paid,some,1,12,goods,1493,4,none,1,3,34,owned,skilled,2,Y
614,none,delayed,some,2,4,goods,1503,2,none,7,1,42,owned,unskill,2,Y
620,none,delayed,none,1,60,auto,13756,2,none,10+,4,63,free,self,1,Y
580,none,paid,medium,2,24,goods,3621,2,none,10+,4,31,owned,skilled,1,N
68,debt,paid,v.high,2,30,goods,3622,4,none,10+,4,57,rent,skilled,1,Y
51,debt,paid,some,2,24,auto,1193,1,co-app,0,4,29,rent,none,1,N
5,none,delayed,some,2,18,goods,2238,2,none,4,1,25,owned,skilled,1,Y
742,some,paid,some,2,15,repairs,1308,4,none,10+,4,38,owned,unskill,1,Y
518,some,paid,v.high,1,6,school,433,4,none,1,2,24,rent,skilled,2,N
709,debt,paid,some,2,45,busin,11816,2,none,10+,4,29,rent,skilled,1,N
372,high,delayed,high,1,15,auto,2360,2,none,4,2,36,owned,skilled,1,Y
723,some,paid,some,1,9,auto,276,4,none,4,4,22,rent,unskill,1,Y
115,none,paid,none,2,24,goods,3105,4,none,1,2,25,owned,skilled,1,Y
736,none,delayed,some,1,18,busin,2169,4,none,4,2,28,owned,skilled,1,N
36,none,paid,medium,1,24,auto,1474,4,none,1,3,33,owned,skilled,1,Y
646,some,paid,some,1,18,auto,2779,1,none,4,3,21,rent,skilled,1,Y
571,debt,delayed,none,2,18,school,8471,1,none,4,2,23,rent,skilled,1,Y
391,some,delayed,none,2,15,goods,1537,4,guarant,10+,4,50,owned,skilled,1,Y
13,some,delayed,v.high,2,21,goods,2745,3,none,7,2,32,owned,skilled,1,Y
201,debt,paid,some,1,18,goods,2473,4,none,0,1,25,owned,none,1,N
715,none,delayed,none,1,12,goods,5801,2,none,10+,4,49,rent,skilled,1,Y
475,debt,paid,some,1,60,busin,7297,4,co-app,10+,4,36,rent,skilled,1,N
366,debt,paid,some,1,12,auto,1372,2,none,7,3,36,owned,skilled,1,N
512,none,paid,some,1,12,busin,1542,2,none,7,4,36,owned,skilled,1,Y
615,some,paid,some,1,48,busin,6416,4,none,10+,3,59,rent,skilled,1,N
325,none,paid,some,2,9,busin,1449,3,none,7,2,27,owned,skilled,1,Y
251,none,paid,high,1,15,auto,5324,1,none,10+,4,35,free,skilled,1,Y
343,none,delayed,high,1,12,goods,1402,3,none,7,4,37,rent,skilled,1,Y
287,some,paid,some,1,36,goods,4795,4,none,1,1,30,owned,self,1,Y
127,some,paid,none,1,30,goods,2991,2,none,10+,4,25,owned,skilled,1,Y
484,high,delayed,some,2,10,auto,781,4,none,10+,4,63,free,skilled,1,Y
466,some,paid,some,1,6,goods,2063,4,none,1,3,30,rent,self,1,Y
88,none,paid,none,1,10,school,894,4,none,7,3,40,owned,skilled,1,Y
181,debt,delayed,some,2,24,auto,6615,2,none,0,4,75,free,self,1,Y
157,none,delayed,some,2,11,auto,7228,1,none,4,4,39,owned,unskill,1,Y
300,some,delayed,some,1,36,auto,7432,2,none,4,2,54,rent,skilled,1,Y
389,none,delayed,some,2,24,school,1597,4,none,10+,4,54,free,skilled,2,Y
552,some,paid,none,2,48,goods,3979,4,none,7,1,41,owned,skilled,2,Y
653,debt,delayed,some,2,12,auto,691,4,none,10+,3,35,owned,skilled,1,N
326,none,paid,none,1,15,goods,2186,1,none,7,4,33,rent,unskill,1,Y
485,debt,paid,some,1,12,goods,1498,4,none,4,1,23,owned,skilled,1,Y
562,some,paid,some,1,12,school,1410,2,none,4,2,31,owned,unskill,1,Y
381,some,paid,medium,1,60,auto,7408,4,none,1,2,24,owned,self,1,N
727,none,delayed,some,2,36,busin,9572,1,none,1,1,28,owned,skilled,1,N
83,high,delayed,high,3,12,auto,1480,2,none,0,4,66,free,none,1,Y
31,none,delayed,v.high,2,18,goods,1582,4,none,10+,4,46,owned,skilled,1,Y
360,debt,paid,some,1,9,goods,1364,3,none,7,4,59,owned,skilled,1,Y
276,some,paid,none,1,12,auto,2028,4,none,4,2,30,owned,skilled,1,Y
586,debt,paid,some,1,18,goods,3509,4,guarant,7,1,25,owned,skilled,1,Y
269,debt,paid,some,1,36,auto,9271,2,none,7,1,24,owned,skilled,1,N
52,none,paid,none,1,10,auto,1309,4,guarant,4,4,27,owned,unskill,1,N
483,none,paid,none,1,15,goods,1979,4,none,10+,2,35,owned,skilled,1,Y
255,none,delayed,some,2,18,auto,1530,3,none,4,2,32,owned,skilled,1,N
654,none,paid,some,1,12,goods,3077,2,none,4,4,52,owned,skilled,1,Y
685,debt,paid,some,2,27,busin,5293,2,none,0,4,50,owned,skilled,1,N
262,debt,paid,some,1,48,busin,4308,3,none,1,4,24,rent,skilled,1,N
252,none,paid,none,1,21,goods,3160,4,none,10+,3,41,owned,skilled,1,Y
208,some,delayed,some,1,48,goods,5096,2,none,4,3,30,owned,self,1,N
546,some,paid,some,1,36,repairs,2384,4,none,1,1,33,rent,unskill,1,N
550,some,paid,some,1,8,busin,907,3,none,1,2,26,owned,skilled,1,Y
159,some,paid,some,1,8,goods,1414,4,guarant,4,2,33,owned,skilled,1,Y
205,none,paid,some,1,24,auto,1393,2,guarant,4,2,31,owned,skilled,1,Y
450,none,delayed,none,4,12,goods,930,4,none,10+,4,65,owned,skilled,1,Y
91,debt,paid,some,2,12,goods,6199,4,none,4,2,28,rent,skilled,1,N
369,debt,delayed,some,2,21,auto,1602,4,none,10+,3,30,owned,skilled,1,Y
348,none,paid,none,1,48,busin,3914,4,none,4,2,38,owned,skilled,1,N
501,debt,paid,some,1,30,auto,3857,4,none,4,4,40,owned,self,1,Y
264,some,delayed,some,1,36,goods,2337,4,none,10+,4,36,owned,skilled,1,Y
308,debt,delayed,some,2,60,busin,6836,3,none,10+,4,63,owned,skilled,1,N
131,debt,delayed,some,2,9,goods,1138,4,none,4,4,25,owned,unskill,1,Y
482,debt,delayed,some,2,36,auto,9629,4,none,7,4,24,owned,skilled,1,N
652,none,paid,none,1,12,auto,2390,4,none,10+,3,50,owned,skilled,1,Y
185,some,paid,some,1,48,goods,9960,1,none,1,2,26,owned,skilled,1,N
65,some,delayed,some,2,36,busin,4455,2,none,4,2,30,owned,self,1,N
687,debt,paid,none,1,24,goods,2996,2,none,4,4,20,owned,skilled,1,N
353,none,paid,high,1,24,goods,3430,3,none,10+,2,31,owned,skilled,2,Y
396,debt,paid,none,1,24,auto,2964,4,none,10+,4,49,free,skilled,2,Y
58,some,delayed,medium,2,30,goods,1919,4,none,1,3,30,owned,self,1,N
420,some,delayed,some,1,9,goods,1919,4,none,7,3,35,rent,skilled,1,Y
521,high,delayed,some,1,21,school,2319,2,none,1,1,33,rent,skilled,1,N
158,none,delayed,none,2,20,auto,3485,2,none,1,4,44,owned,skilled,1,Y
651,debt,delayed,some,2,24,auto,2957,4,none,10+,4,63,owned,skilled,1,Y
296,debt,paid,some,2,48,goods,6999,1,guarant,7,1,34,owned,skilled,1,N
41,none,paid,some,2,24,school,937,4,none,1,3,27,owned,unskill,1,Y
393,none,delayed,some,2,24,auto,2346,4,none,7,3,35,owned,skilled,1,Y
411,none,delayed,some,2,18,goods,2404,2,none,4,2,26,owned,skilled,1,Y
266,some,delayed,some,2,45,goods,4746,4,none,1,2,25,owned,unskill,1,N
664,debt,paid,some,1,12,auto,1893,4,guarant,4,4,29,owned,skilled,1,Y
703,debt,paid,some,1,24,auto,3123,4,none,1,1,27,owned,skilled,1,N
40,none,delayed,some,2,24,goods,1585,4,none,7,3,40,owned,skilled,1,Y
676,debt,delayed,some,3,6,auto,3676,1,none,4,3,37,rent,skilled,2,Y
671,some,paid,none,1,24,goods,4351,1,none,4,4,48,owned,unskill,1,Y
104,some,paid,some,1,6,repairs,454,3,none,1,1,22,owned,unskill,1,Y
178,debt,paid,some,3,48,auto,10297,4,none,7,4,39,free,skilled,2,N
735,none,delayed,some,2,24,goods,1851,4,guarant,7,2,33,owned,skilled,1,Y
173,none,paid,high,1,15,goods,1213,4,none,10+,3,47,owned,skilled,1,Y
492,none,paid,none,1,10,auto,2901,1,none,1,4,31,rent,skilled,1,Y
288,high,paid,some,1,18,goods,2864,2,none,4,1,34,owned,unskill,2,N
314,none,paid,some,1,24,goods,1413,4,none,4,2,28,owned,skilled,1,Y
740,some,delayed,some,2,9,school,1501,2,none,10+,3,34,owned,self,1,N
749,high,paid,medium,1,21,auto,2923,1,none,4,1,28,owned,self,1,Y
271,none,paid,some,1,24,auto,7393,1,none,4,4,43,owned,unskill,2,Y
120,none,paid,medium,1,6,goods,1346,2,none,10+,4,42,free,skilled,2,Y
328,some,delayed,some,1,18,goods,4297,4,none,10+,3,40,owned,self,1,N
680,debt,paid,some,1,6,school,448,4,none,1,4,23,owned,skilled,1,N
575,debt,paid,some,1,6,auto,14896,1,none,10+,4,68,owned,self,1,N
344,debt,paid,v.high,1,18,goods,2659,4,none,4,2,28,owned,skilled,1,Y
400,none,delayed,medium,1,15,school,1532,4,none,4,3,31,owned,skilled,1,Y
200,none,paid,v.high,3,24,busin,4591,2,none,4,3,54,owned,self,1,N
335,none,paid,high,1,10,school,727,4,none,10+,4,46,free,skilled,1,Y
147,debt,paid,none,1,12,auto,900,4,none,4,2,23,owned,skilled,1,N
659,debt,delayed,some,3,18,auto,5302,2,none,10+,4,36,free,self,1,Y
377,none,paid,medium,1,24,goods,1311,4,none,7,3,26,owned,skilled,1,Y
49,debt,paid,some,2,12,repairs,1108,4,none,7,3,28,owned,skilled,1,N
621,some,paid,medium,1,48,auto,6560,3,none,7,2,24,owned,skilled,1,N
174,none,paid,some,1,12,goods,763,4,none,4,1,26,owned,skilled,1,Y
270,some,paid,none,1,30,goods,1715,4,none,4,1,26,owned,skilled,1,Y
56,none,paid,none,1,42,goods,7166,2,none,7,4,29,rent,skilled,1,Y
494,none,paid,high,1,24,goods,3235,3,none,10+,2,26,owned,self,1,Y
459,some,paid,some,1,48,busin,15672,2,none,4,2,23,owned,skilled,1,N
100,some,paid,some,1,18,goods,1301,4,guarant,10+,2,32,owned,unskill,1,Y
367,some,paid,medium,1,12,busin,841,2,none,7,4,23,rent,unskill,1,Y
612,debt,paid,some,1,24,goods,6872,2,none,1,1,55,owned,skilled,1,N
500,debt,paid,some,1,24,auto,3632,1,guarant,4,4,22,rent,skilled,1,Y
155,high,paid,some,1,15,goods,2327,2,none,1,3,25,owned,unskill,1,N
33,none,delayed,some,2,24,other,6314,4,co-app,0,2,27,owned,self,1,Y
507,none,delayed,some,2,12,busin,1412,4,guarant,4,2,29,owned,self,1,Y
161,high,paid,medium,1,10,auto,1240,1,none,10+,4,48,free,unskill,2,N
69,debt,paid,some,1,48,school,7476,4,none,7,1,50,free,self,1,Y
238,debt,delayed,some,2,6,auto,609,4,none,7,3,37,owned,skilled,1,Y
624,some,paid,high,1,12,goods,1158,3,none,4,1,26,owned,skilled,1,Y
290,some,paid,none,1,6,auto,14555,1,none,0,2,23,owned,none,1,N
681,high,paid,medium,1,24,goods,1377,4,none,10+,2,47,free,skilled,1,Y
655,none,delayed,some,1,15,goods,1459,4,none,4,2,43,owned,unskill,1,Y
711,debt,paid,some,1,9,goods,1366,3,none,1,4,22,rent,skilled,1,N
490,none,paid,high,1,24,goods,1376,4,none,7,1,28,owned,skilled,1,Y
545,high,paid,some,1,12,goods,1881,2,none,4,2,44,rent,unskill,1,Y
487,debt,paid,some,2,30,goods,4583,2,guarant,4,2,32,owned,skilled,1,Y
359,none,paid,none,1,24,auto,9277,2,none,4,4,48,free,skilled,1,Y
428,none,delayed,some,3,24,goods,5103,3,none,1,3,47,free,skilled,1,Y
415,debt,paid,some,1,12,goods,1858,4,none,1,1,22,rent,skilled,1,Y
370,debt,paid,some,1,18,goods,3114,1,none,1,4,26,rent,skilled,1,N
710,debt,paid,some,1,18,auto,1216,4,none,1,3,23,rent,skilled,1,N
196,high,paid,none,1,12,goods,3399,2,none,10+,3,37,owned,self,1,Y
355,some,paid,none,1,12,goods,1484,2,none,4,1,25,owned,skilled,1,N
254,some,paid,medium,2,24,auto,3512,2,none,7,3,38,owned,skilled,1,Y
107,high,delayed,none,2,10,goods,1347,4,none,7,2,27,owned,skilled,1,Y
322,none,paid,high,1,36,auto,909,4,none,10+,4,36,owned,skilled,1,Y
260,high,delayed,none,2,15,goods,1271,3,none,4,4,39,free,skilled,1,N
249,none,paid,none,1,21,auto,2476,4,none,10+,4,46,owned,self,1,Y
469,none,paid,some,1,36,school,1819,4,none,4,4,37,free,skilled,1,N
629,some,paid,none,1,48,other,5381,3,none,0,4,40,free,none,1,Y
406,some,paid,some,1,27,busin,3915,4,none,4,2,36,owned,skilled,2,N
432,none,paid,none,1,6,auto,783,1,guarant,4,2,26,owned,unskill,2,Y
347,none,delayed,v.high,2,27,goods,4526,4,none,1,2,32,owned,unskill,2,Y
210,some,delayed,some,2,42,busin,5954,2,none,7,1,41,owned,unskill,1,Y
607,debt,paid,some,1,42,goods,3965,4,none,1,3,34,owned,skilled,1,N
331,debt,paid,high,1,6,auto,1352,1,none,0,2,23,rent,none,1,Y
663,debt,paid,some,1,12,goods,1289,4,guarant,4,1,21,owned,unskill,1,Y
678,some,paid,some,2,26,auto,7966,2,none,1,3,30,owned,skilled,1,Y
292,some,paid,none,1,48,busin,12204,2,none,4,2,48,owned,self,1,Y
705,some,delayed,medium,1,39,school,11760,2,none,7,3,32,rent,skilled,1,Y
628,debt,paid,some,1,12,goods,652,4,none,10+,4,24,rent,skilled,1,Y
261,some,delayed,some,1,30,goods,8386,2,none,7,2,49,owned,skilled,1,N
160,high,paid,some,1,18,goods,2100,4,co-app,4,2,37,owned,skilled,1,N
582,debt,delayed,v.high,2,24,goods,1231,4,none,10+,4,57,rent,self,1,Y
378,high,delayed,none,2,24,goods,3148,3,none,4,2,31,owned,skilled,1,Y
39,none,delayed,some,1,48,school,6110,1,none,4,3,31,free,skilled,1,Y
103,none,paid,some,2,36,goods,10974,4,none,0,2,26,owned,self,1,N
193,debt,paid,some,1,12,goods,1282,2,none,4,4,20,rent,skilled,1,N
479,some,paid,some,1,18,auto,12976,3,none,0,4,38,free,self,1,N
566,debt,delayed,none,2,10,goods,2132,2,co-app,1,3,27,rent,skilled,1,Y
8,some,paid,medium,1,36,goods,9034,4,co-app,1,1,29,rent,self,1,N
520,some,paid,none,1,9,auto,1549,4,none,1,2,35,owned,none,1,Y
247,some,paid,some,1,36,busin,1953,4,none,10+,4,61,free,self,1,N
626,some,delayed,none,2,24,busin,2825,4,none,7,3,34,owned,skilled,2,Y
32,none,delayed,some,2,33,busin,2764,2,none,4,2,26,owned,skilled,1,Y
282,none,paid,some,1,12,auto,1884,4,none,10+,4,39,owned,self,1,Y
284,some,delayed,some,1,24,goods,4736,2,none,1,4,25,owned,unskill,1,N
399,some,delayed,none,1,60,goods,7418,1,none,4,1,27,owned,unskill,1,Y
733,debt,delayed,some,2,12,auto,2122,3,none,4,2,39,rent,unskill,2,Y
641,some,paid,medium,1,36,goods,2671,4,co-app,4,4,50,free,skilled,1,N
456,some,delayed,v.high,2,15,repairs,1512,3,none,4,3,61,owned,skilled,1,N
693,none,paid,some,1,18,goods,1533,4,co-app,1,1,43,owned,unskill,2,N
126,none,paid,none,1,12,auto,2859,4,none,0,4,38,owned,self,1,Y
394,debt,delayed,medium,2,24,busin,1382,4,none,7,1,26,owned,skilled,1,Y
633,debt,paid,some,1,12,auto,2579,4,none,1,1,33,owned,unskill,2,N
429,some,paid,some,1,6,goods,1068,4,none,10+,4,28,owned,skilled,2,Y
696,none,delayed,some,2,28,goods,2743,4,none,10+,2,29,owned,skilled,1,Y
231,debt,paid,some,1,24,busin,3161,4,none,4,2,31,rent,skilled,1,N
672,none,delayed,v.high,1,24,goods,3777,4,none,4,4,50,owned,skilled,1,Y
462,none,delayed,some,2,15,auto,3594,1,none,1,2,46,owned,unskill,1,Y
24,none,delayed,v.high,1,24,goods,2578,2,none,10+,2,34,owned,skilled,1,Y
170,some,delayed,some,2,36,auto,5800,3,none,4,4,34,owned,skilled,1,Y
93,debt,paid,some,1,14,auto,8978,1,none,10+,4,45,owned,self,1,N
470,debt,delayed,some,1,40,school,5998,4,none,4,3,27,owned,skilled,1,N
488,some,paid,some,2,24,other,11328,2,co-app,4,3,29,owned,self,1,N
558,debt,delayed,some,2,12,auto,2121,4,none,4,2,30,owned,skilled,1,Y
71,some,paid,none,1,21,goods,3976,2,none,7,3,35,owned,skilled,1,Y
92,debt,paid,some,1,9,auto,1422,3,none,1,2,27,free,self,1,N
476,some,paid,some,1,12,auto,685,2,none,7,3,25,owned,unskill,1,N
28,none,delayed,some,3,12,goods,1935,4,none,10+,4,43,owned,skilled,1,Y
63,some,paid,some,1,18,goods,866,4,guarant,4,2,25,owned,unskill,1,Y
55,debt,paid,some,1,18,school,750,4,none,0,1,27,owned,none,1,N
62,some,paid,some,1,9,auto,5129,2,none,10+,4,74,free,self,2,N
467,some,paid,v.high,1,12,auto,1318,4,none,10+,4,54,owned,skilled,1,Y
486,some,delayed,medium,1,12,auto,1995,4,none,1,1,27,owned,skilled,1,Y
194,some,paid,medium,1,6,auto,931,1,none,1,1,32,owned,unskill,1,N
547,some,paid,some,1,9,goods,959,1,none,4,2,29,owned,skilled,1,N
533,high,paid,some,1,24,goods,5152,4,none,7,2,25,owned,skilled,1,Y
560,none,paid,none,1,15,auto,3556,3,none,4,2,29,owned,skilled,1,Y
423,some,paid,medium,4,12,goods,951,4,none,1,4,27,rent,skilled,1,N
129,none,paid,medium,1,39,auto,8588,4,none,10+,2,45,owned,self,1,Y
725,none,delayed,medium,2,6,auto,362,4,none,4,4,52,owned,unskill,1,Y
80,none,delayed,some,1,24,busin,3863,1,none,4,2,32,free,skilled,1,Y
416,none,paid,some,1,12,busin,1076,2,none,4,2,26,owned,skilled,1,Y
45,debt,paid,some,1,12,goods,2149,4,none,4,1,29,free,skilled,1,N
132,none,delayed,v.high,2,18,goods,1149,4,none,4,3,46,owned,skilled,1,Y
422,high,paid,some,1,36,goods,4473,4,none,10+,2,31,owned,skilled,1,Y
357,none,delayed,some,1,12,auto,926,1,none,0,2,38,owned,none,1,Y
649,debt,delayed,some,2,12,auto,1344,4,none,4,2,43,owned,unskill,2,Y
493,some,paid,some,1,60,school,6288,4,none,4,4,42,free,skilled,1,N
414,debt,paid,some,2,48,auto,4605,3,none,10+,4,24,free,skilled,2,N
333,debt,paid,medium,1,12,goods,727,4,none,1,3,33,owned,unskill,1,N
175,none,delayed,some,2,15,goods,1471,4,none,4,4,35,free,skilled,1,Y
738,none,delayed,none,2,24,school,1927,3,none,4,2,33,owned,skilled,1,Y
116,some,paid,some,1,12,auto,2002,3,none,7,4,30,rent,skilled,2,Y
302,none,delayed,medium,2,21,goods,1591,4,none,7,3,34,owned,self,1,Y
644,some,paid,some,1,9,busin,1391,2,none,4,1,27,owned,skilled,1,Y
291,none,paid,some,2,18,busin,1950,4,none,7,1,34,owned,skilled,1,Y
29,some,paid,medium,1,9,auto,1437,2,none,7,3,29,owned,skilled,1,N
364,none,delayed,none,2,30,goods,3077,3,none,10+,2,40,owned,skilled,2,Y
444,none,paid,some,1,18,goods,4594,3,none,1,2,32,owned,skilled,1,Y
527,some,delayed,medium,2,6,busin,1449,1,none,10+,2,31,owned,skilled,2,Y
337,none,delayed,high,1,48,auto,10127,2,none,4,2,44,free,skilled,1,N
167,some,paid,medium,2,15,auto,2631,2,none,4,4,28,rent,skilled,1,N
395,debt,delayed,some,2,24,auto,4870,3,none,4,4,53,free,skilled,2,N
587,debt,paid,none,1,24,auto,2812,2,none,10+,4,26,rent,skilled,1,Y
608,debt,paid,some,1,36,auto,1842,4,none,1,4,34,owned,skilled,1,N
647,debt,paid,none,2,21,auto,1647,4,none,4,2,40,owned,unskill,2,N
667,some,paid,some,1,9,goods,458,4,none,4,3,24,owned,skilled,1,Y
21,none,paid,none,1,22,auto,1283,4,none,7,4,25,rent,skilled,1,Y
3,high,delayed,high,3,12,auto,939,4,none,7,2,28,owned,skilled,1,N
184,none,delayed,some,2,18,goods,3780,3,none,1,2,35,owned,self,1,Y
593,debt,delayed,some,2,8,other,1164,3,none,10+,4,51,free,self,2,Y
212,none,delayed,some,1,12,goods,618,4,none,10+,4,56,owned,skilled,1,Y
101,high,paid,some,1,36,goods,5848,4,none,4,1,24,owned,skilled,1,Y
191,none,delayed,none,2,9,school,1244,4,none,10+,4,41,rent,unskill,1,Y
439,none,paid,none,1,12,goods,2279,4,none,4,4,37,free,skilled,1,Y
602,none,paid,some,2,12,auto,1101,3,none,4,2,27,owned,skilled,1,Y
6,none,delayed,some,2,24,repairs,5507,3,none,10+,4,44,free,skilled,1,Y
227,debt,paid,some,1,24,auto,4817,2,co-app,7,3,31,owned,skilled,1,N
471,debt,delayed,some,1,36,school,6887,4,none,4,3,29,owned,skilled,1,N
529,none,delayed,some,2,14,auto,802,4,none,4,2,27,owned,unskill,1,Y
553,some,paid,some,1,24,goods,4057,3,none,7,3,43,owned,skilled,1,N
541,debt,delayed,some,3,18,auto,3966,1,none,10+,4,33,rent,skilled,1,N
72,none,delayed,some,2,24,busin,8648,2,none,1,2,27,owned,skilled,1,N
118,some,paid,some,1,15,goods,802,4,none,10+,3,37,owned,skilled,2,N
50,some,paid,some,1,24,auto,12579,4,none,10+,2,44,free,self,1,N
581,some,delayed,none,1,24,goods,2333,4,none,1,2,29,owned,unskill,1,Y
96,some,paid,none,1,36,school,3711,2,none,4,2,27,owned,skilled,1,Y
139,high,paid,some,1,15,school,392,4,none,1,4,23,rent,skilled,1,Y
688,none,paid,some,1,18,goods,433,3,co-app,0,4,22,rent,skilled,1,N
737,none,paid,none,1,15,goods,1386,4,none,4,2,40,rent,skilled,1,Y
561,none,paid,some,1,6,goods,1595,3,none,7,2,51,owned,skilled,2,Y
362,debt,paid,none,1,15,goods,1275,4,none,4,2,24,rent,skilled,1,N
455,none,delayed,some,2,24,auto,2032,4,none,10+,4,60,free,skilled,1,Y
690,debt,delayed,some,2,15,goods,1433,4,none,4,3,25,rent,skilled,1,Y
225,debt,delayed,none,2,39,goods,14179,4,none,7,4,30,owned,self,1,Y
682,high,delayed,some,1,30,busin,1908,4,none,10+,4,66,owned,self,1,N
699,some,paid,some,1,54,busin,15945,3,none,1,4,58,rent,skilled,1,N
623,none,delayed,some,2,33,auto,7253,3,none,7,2,35,owned,self,1,Y
457,some,delayed,medium,1,24,auto,3878,4,none,1,2,37,owned,skilled,1,Y
111,debt,paid,none,1,24,goods,7721,1,none,1,2,30,owned,skilled,1,Y
461,debt,paid,medium,1,6,auto,1203,3,none,10+,2,43,owned,skilled,1,Y
398,high,delayed,some,1,30,goods,3017,4,none,10+,4,47,owned,skilled,1,Y
427,high,paid,high,1,24,goods,1258,3,none,4,3,57,owned,unskill,1,Y
522,some,paid,some,1,9,goods,1206,4,none,10+,4,25,owned,skilled,1,Y
401,none,delayed,some,2,6,goods,1740,2,none,10+,2,30,rent,skilled,1,Y
164,some,paid,high,1,14,busin,1410,1,none,10+,2,35,owned,skilled,1,Y
128,high,delayed,some,1,6,school,1047,2,none,4,4,50,owned,unskill,1,Y
122,some,paid,some,1,10,goods,1521,4,none,4,2,31,owned,unskill,1,Y
114,debt,delayed,some,2,36,goods,5371,3,guarant,4,2,28,owned,skilled,1,Y
741,none,delayed,some,2,36,goods,9566,2,none,4,2,31,owned,skilled,1,Y
363,none,delayed,v.high,1,24,auto,1940,4,none,10+,4,60,owned,skilled,1,Y
523,none,paid,none,2,24,goods,5943,1,none,1,1,44,owned,skilled,1,N
588,some,delayed,some,2,18,goods,1795,3,guarant,10+,4,48,rent,unskill,1,Y
382,none,paid,none,2,24,goods,999,4,none,10+,2,25,owned,skilled,1,Y
438,none,delayed,some,2,18,goods,1817,4,none,4,2,28,owned,skilled,1,Y
106,debt,paid,some,1,18,goods,3190,2,none,4,2,24,owned,skilled,1,N
465,some,delayed,some,2,6,goods,1050,4,none,0,1,35,owned,self,1,Y
419,none,paid,medium,1,24,goods,1901,4,none,4,4,29,rent,self,1,Y
384,some,delayed,v.high,2,9,school,1136,4,none,10+,3,32,free,skilled,2,N
408,some,paid,some,1,36,auto,14318,4,none,10+,2,57,free,self,1,N
478,some,delayed,none,2,24,auto,1965,4,none,4,4,42,rent,skilled,1,Y
152,none,paid,medium,1,6,auto,1204,4,none,4,1,35,rent,skilled,1,Y
324,debt,paid,some,1,45,goods,1845,4,none,4,4,23,free,skilled,1,N
235,none,paid,some,1,12,auto,640,4,none,4,2,49,owned,unskill,1,Y
578,some,paid,high,1,18,goods,3213,1,none,1,3,25,rent,skilled,1,Y
746,some,paid,some,2,27,busin,8318,2,none,10+,4,42,free,self,1,N
603,none,paid,high,1,24,goods,3062,4,none,10+,3,32,rent,skilled,1,Y
691,debt,delayed,some,2,10,auto,2241,1,none,1,3,48,rent,unskill,2,Y
513,debt,paid,some,1,27,goods,3416,3,none,4,2,27,owned,self,1,Y
140,high,paid,some,1,18,goods,3049,1,none,1,1,45,owned,unskill,1,Y
491,debt,paid,none,1,20,goods,2212,4,none,7,4,39,owned,skilled,1,Y
43,debt,paid,some,1,18,goods,1217,4,none,4,3,47,owned,unskill,1,N
10,debt,delayed,high,2,6,goods,338,4,none,10+,4,52,owned,skilled,1,Y
443,none,paid,none,2,36,busin,7409,3,none,10+,2,37,owned,skilled,1,Y
424,none,delayed,high,2,42,goods,4042,4,none,4,4,36,owned,skilled,1,Y
463,none,paid,some,1,15,goods,3568,4,none,10+,2,54,rent,self,1,Y
634,none,paid,medium,1,9,auto,3577,1,guarant,4,2,26,rent,skilled,2,Y
16,debt,delayed,some,2,24,auto,1333,4,none,0,2,43,free,skilled,2,N
447,debt,delayed,some,2,15,goods,975,2,none,4,3,25,owned,skilled,1,Y
303,some,paid,some,1,8,goods,760,4,guarant,7,2,44,owned,unskill,1,Y
717,debt,paid,some,1,30,goods,2522,1,guarant,10+,3,39,owned,skilled,2,Y
207,debt,paid,some,1,36,goods,2712,2,none,10+,2,41,owned,skilled,2,N
23,none,paid,medium,1,12,goods,2141,3,none,7,1,35,owned,skilled,1,Y
79,none,paid,v.high,1,21,busin,1572,4,none,10+,4,36,owned,unskill,1,Y
90,debt,paid,some,1,36,goods,3620,1,guarant,4,2,37,owned,skilled,2,Y
42,none,paid,some,3,18,goods,3422,4,none,10+,4,47,owned,skilled,2,Y
233,debt,paid,none,1,24,auto,1285,4,none,7,4,32,rent,skilled,1,N
230,debt,paid,some,1,12,goods,701,4,none,4,2,40,owned,unskill,1,Y
539,debt,delayed,some,2,36,goods,2348,3,none,4,2,46,owned,skilled,1,Y
299,none,paid,medium,2,36,busin,5742,2,none,7,2,31,owned,skilled,1,Y
340,some,paid,some,2,24,auto,11560,1,none,4,4,23,rent,self,1,N
498,none,paid,none,1,30,auto,7485,4,none,0,1,53,owned,self,1,N
219,debt,paid,some,1,12,goods,708,2,guarant,4,3,38,owned,unskill,2,Y
149,high,delayed,some,2,6,auto,1343,1,none,10+,4,46,owned,skilled,2,Y
697,none,delayed,medium,3,11,goods,1154,4,none,0,4,57,owned,unskill,1,Y
611,debt,delayed,some,2,36,school,8065,3,none,4,2,25,owned,self,1,N
657,none,paid,some,1,24,busin,1258,4,none,7,1,25,owned,skilled,1,Y
195,debt,delayed,some,2,13,busin,1797,3,none,1,1,28,owned,unskill,1,Y
421,debt,paid,some,1,30,goods,3108,2,none,1,4,31,owned,unskill,1,N
234,some,delayed,high,2,27,goods,2520,4,none,4,2,23,owned,unskill,1,N
298,some,paid,some,1,60,auto,14027,4,none,7,2,27,owned,self,1,N
229,none,paid,some,1,6,goods,2108,2,none,7,2,29,rent,skilled,1,Y
304,some,paid,some,1,36,goods,3804,4,none,4,1,42,owned,skilled,1,N
108,some,paid,some,2,9,school,1199,4,none,7,4,67,owned,self,1,Y
413,some,delayed,some,1,11,goods,4771,2,none,7,4,51,owned,skilled,1,Y
275,some,paid,some,2,36,school,2273,3,none,7,1,32,owned,skilled,2,Y
26,some,delayed,some,2,30,auto,5234,4,none,0,2,28,owned,self,1,N
573,none,delayed,none,1,12,busin,1264,4,none,10+,4,57,rent,unskill,1,Y
502,debt,paid,some,1,48,auto,7763,4,none,10+,4,42,free,self,1,N
216,some,delayed,some,2,12,auto,3124,1,none,1,3,49,owned,unskill,2,Y
673,none,delayed,some,2,6,goods,1382,1,none,4,1,28,owned,skilled,1,Y
